time,physical,total_energy,walltime
0,0,0,0
0.15111572745183,6992633856,4103.7470173623,129.712001
0.27200830941329,7189417984,3698.4581682091,130.84874
0.39290089137476,7293661184,3511.0140800686,131.207123
0.51379347333622,7375917056,3407.9803500297,131.443194
0.69513234627841,7449309184,3326.1511390612,131.716672
0.87647121922061,7528501248,3261.1338419561,131.979178
1.0578100921628,7588790272,3206.7601713138,132.253395
1.239148965105,7637737472,3156.8437551052,132.580864
1.4204878380472,7682772992,3109.5073907932,132.85699
1.6924961474605,7725666304,3041.1668158927,133.14052
2.1005086115804,7772622848,2942.0177623484,133.469027
2.5085210757004,7813378048,2844.9609634212,133.832005
2.9165335398203,7847002112,2750.215777407,134.198779
3.2429435111162,7925456896,2675.9673982908,137.49744
3.5693534824122,7960760320,2602.5367371596,137.896222
3.8957634537081,7981441024,2528.8241545251,138.298337
4.2221734250041,8009428992,2458.1001051996,138.71611
4.5485833963,8031981568,2390.235340719,139.137464
5.038198353244,8054374400,2294.1165628996,139.611694
5.5278133101879,8074088448,2201.0904289468,140.09927
6.0174282671318,8090599424,2111.1819063052,140.581789
6.409120232687,8167153664,2041.0102448376,145.476605
6.8008121982421,8185147392,1973.3511742701,146.027156
7.1925041637972,8202047488,1908.1995923145,146.536505
7.5841961293524,8214683648,1846.6336760249,147.051393
7.9758880949075,8230129664,1786.6088368872,147.582422
8.3675800604627,8248389632,1728.0242950732,148.149784
8.7592720260178,8263720960,1673.3705276616,148.695045
9.3468099743505,8276033536,1598.2100466869,149.273952
9.9343479226832,8293142528,1526.4774777202,149.86301
10.521885871016,8304861184,1458.4392480144,150.4735
11.109423819349,8315064320,1395.9101843,151.083051
11.696961767681,8326524928,1338.7588637001,151.703429
12.284499716014,8339914752,1286.3172703554,152.335848
12.872037664347,8350588928,1237.2176661392,152.97429
13.24806195128,8422297600,1207.4699590874,159.973145
13.548881380826,8473513984,1184.509930583,163.519106
13.849700810372,8478072832,1160.7145913579,164.2305
14.150520239919,8496824320,1138.6714331515,164.890516
14.451339669465,8497995776,1118.2141979304,165.532065
14.902568813785,8514281472,1089.6574597037,166.197137
15.353797958104,8518238208,1062.6233872167,166.8539
15.805027102424,8526356480,1037.2685718134,167.52101
16.256256246743,8539340800,1013.8638305252,168.159696
16.933099963222,8555499520,982.61275093798,168.865581
17.474574936406,8575037440,960.01015660381,170.792061
17.751810122676,8651829248,947.3522893452,180.328418
18.029045308946,8659673088,934.42048970742,181.023874
18.306280495216,8666079232,923.67664657825,181.685583
18.722133274621,8671166464,909.54027708403,182.346436
19.345912443728,8680783872,890.85617754177,183.055091
19.969691612835,8687542272,874.21006942715,183.741865
20.593470781942,8698208256,859.35288837765,184.434246
21.21724995105,8708505600,846.06843342638,185.095927
22.152918704711,8717979648,828.42124499888,185.856307
23.088587458372,8732422144,814.0149904968,186.554929
24.024256212033,8735248384,802.32445812739,187.254191
24.959924965694,8744525824,792.49329676747,187.936081
25.895593719355,8753090560,784.35355821321,188.638542
26.831262473016,8757829632,777.44830603319,189.367651
27.766931226677,8768000000,771.51445234996,190.075755
28.702599980337,8777973760,766.28343299643,190.781175
29.638268733998,8779251712,761.54491954155,191.48723
30.573937487659,8790093824,757.47576041826,192.21051
31.50960624132,8795475968,754.00814786834,192.941267
32.445274994981,8804982784,751.0463160095,193.658855
33.380943748642,8814739456,748.53033700787,194.319622
34.503746253035,8839106560,745.91941735228,199.151988
34.963646158835,8902164480,744.90105761932,209.724634
35.257982098547,8936058880,744.33261212463,215.566167
35.552318038258,8945541120,742.87086620011,216.384477
35.84665397797,8951734272,739.98181413938,217.173246
36.140989917681,8956911616,737.81408249384,217.875139
36.435325857393,8963694592,736.1315374967,218.525681
36.876829766961,8970661888,733.94316550894,219.210547
37.318333676528,8970813440,731.97535568975,219.898136
37.759837586095,8980762624,730.32618827943,220.554961
38.422093450447,8986132480,728.25163192571,221.215476
39.415477246973,8996962304,725.17445872534,222.078239
40.4088610435,9008902144,721.95953915253,222.873854
41.402244840027,9016172544,719.3670979691,223.563204
42.395628636554,9021603840,716.91332650943,224.277608
43.389012433081,9026260992,713.95387642883,225.145786
44.382396229607,9033408512,710.95356732854,225.95736
45.375780026134,9048481792,707.78993019323,226.978006
45.884392529956,9085513728,705.82394362176,231.773955
46.144802131912,9122983936,704.52214810514,238.877276
46.405211733869,9130627072,700.68467239641,239.706129
46.665621335826,9137713152,697.79508361207,240.339294
47.056235738761,9148219392,695.64033380568,241.014304
47.642157343164,9149067264,693.44712822579,241.675976
48.228078947566,9154256896,691.8104729175,242.349404
48.603068774384,9176481792,690.6737359803,246.35248
48.843062263547,9201852416,687.75156951337,250.881439
49.083055752711,9204891648,685.02357629166,251.510499
49.443045986455,9208819712,683.11887363889,252.137004
49.983031337073,9214447616,681.32476429192,252.756734
50.793009362999,9221009408,679.58811061174,253.375505
52.007976401888,9227030528,677.65391303925,254.040531
53.222943440778,9229234176,675.97327042385,254.720151
54.437910479667,9239044096,674.57998012905,255.488244
55.652877518556,9247686656,673.42724410872,256.120262
57.47532807689,9251282944,672.11671345062,256.797439
59.297778635224,9254477824,670.84167589453,257.459534
61.120229193558,9258024960,669.49535968901,258.202942
62.942679751892,9266470912,668.45020171997,258.846404
65.129620421892,9284485120,667.14191644395,261.391878
67.316561091893,9289252864,665.68231192441,262.235547
69.503501761894,9297313792,664.42070855964,262.973657
71.690442431894,9302241280,663.48779459771,263.650251
74.970853436895,9309491200,662.49920178252,264.431989
77.595182240896,9356886016,661.4202468276,274.917071
79.694645284097,9352048640,660.46266699412,275.658079
81.794108327297,9358524416,659.79406204468,276.336065
83.893571370498,9368412160,659.1881083312,277.014478
85.993034413699,9375371264,658.48137298231,277.745068
88.092497456899,9380192256,657.65529611351,278.500259
90.1919605001,9386270720,656.91912591975,279.155718
92.291423543301,9390256128,656.09012852737,279.855926
94.390886586501,9397739520,655.19978823278,280.558777
96.490349629702,9399697408,654.49529221919,281.227574
98.169920064262,9413271552,653.95868538056,283.718489
99.849490498823,9422315520,653.40925399301,284.378774
101.52906093338,9424236544,652.74597844902,285.075531
103.20863136794,9429217280,652.20964772074,285.744475
104.8882018025,9432633344,651.80382883844,286.384864
106.90368632398,9467125760,651.47945383454,293.671452
108.91917084545,9466908672,650.87280994396,294.465825
110.93465536692,9477922816,649.94600431175,295.175287
112.95013988839,9484361728,649.31675156178,295.827906
114.96562440987,9490112512,648.73850178288,296.541047
116.98110893134,9495289856,648.15668549984,297.303695
117.80665139134,9544048640,647.95629967182,308.359535
118.22932913085,9571205120,647.97894458769,314.419875
118.49984288414,9584406528,647.68533816975,318.311752
118.77035663744,9584902144,645.60540413225,319.010701
119.04087039073,9587908608,643.89372137942,319.374006
119.31138414402,9591148544,642.54506827933,320.002412
119.58189789731,9594150912,641.53017333497,320.596559
119.98766852725,9594408960,640.0173989611,321.237297
120.39343915718,9602002944,638.61007530056,321.868389
120.79920978712,9600913408,637.59674837054,322.486869
121.40786573202,9608658944,636.36302610257,323.131539
122.01652167693,9607188480,635.07971143645,323.844058
122.62517762184,9613750272,633.85303193484,324.478305
123.23383356674,9616527360,632.71358552302,325.076785
124.1468174841,9622069248,631.09648554009,325.80759
125.05980140146,9622818816,629.81041335716,326.457753
125.97278531881,9629237248,628.69871130204,327.090438
126.88576923617,9635188736,627.48139389704,327.769232
127.79875315353,9638883328,626.35024311628,328.36222
129.16822902957,9646813184,624.69491448103,329.063566
130.5377049056,9648353280,623.06665521426,329.744039
131.90718078164,9654259712,621.47131794988,330.429315
133.27665665768,9649766400,620.19595987038,331.068618
134.64613253371,9657794560,619.00278577117,331.703748
136.01560840975,9668321280,617.59458054754,332.389588
137.38508428579,9664909312,615.81072516886,333.129554
138.75456016182,9674854400,614.06170549204,333.837336
140.12403603786,9676533760,612.55610864503,334.56544
141.4935119139,9691435008,610.91133921873,335.956625
141.85251179795,9735946240,610.35995914352,344.089848
142.13971170518,9744470016,608.93489116008,346.706383
142.36947163097,9748148224,606.20532595177,347.328042
142.59923155677,9749934080,604.98115736032,347.631815
142.94387144545,9758248960,603.75338140849,348.143786
143.46083127848,9756463104,602.47716315429,348.700738
144.23627102802,9758261248,601.06142729341,349.003248
145.39943065234,9765761024,599.17810299099,349.613031
146.56259027665,9770176512,597.79592896926,350.16336
148.30732971313,9769517056,596.19660026112,350.781061
150.0520691496,9771163648,595.02922811722,351.35411
152.14575647336,9801084928,593.81928106037,362.803284
154.23944379713,9809076224,592.64540478761,363.508896
156.3331311209,9809707008,591.46514762592,364.255188
158.42681844466,9814294528,590.39069310152,364.909251
160.52050576843,9818411008,589.42681971796,365.603292
162.6141930922,9825181696,588.64656472211,366.238596
164.70788041596,9826955264,588.05767105215,366.801125
167.84841140161,9835442176,587.02833845899,367.88275
170.36083619013,9843716096,585.45490283714,368.797447
172.37077602095,9847955456,584.27640782588,369.561741
174.38071585177,9846661120,583.19095592588,370.206793
176.39065568258,9850826752,582.36842938525,370.807499
178.4005955134,9860947968,581.75894755606,371.362358
180.81252331038,9870569472,581.25520385431,373.638347
182.74206554796,9892466688,580.7052648899,383.005462
184.67160778554,9896620032,579.75101010915,383.740109
186.60115002313,9898852352,578.63191188819,384.467833
188.53069226071,9908252672,577.47645149605,385.138915
190.4602344983,9911218176,576.61869800115,385.721781
192.38977673588,9913761792,575.82461347399,386.311096
194.31931897346,9918402560,575.19312056541,386.898136
196.24886121105,9923031040,574.67133891211,387.503484
198.17840344863,9925545984,573.93488190478,388.180503
200.10794568621,9930723328,573.16288516354,388.881826
202.0374879238,9936330752,571.90687964482,389.687142
203.58112171386,9939574784,570.97284841848,390.269144
205.12475550393,9937707008,570.16880991366,390.932941
206.668389294,9954091008,569.27778213165,391.563828
208.21202308406,9953824768,568.46252441665,392.281043
209.75565687413,9963528192,567.55755634325,393.073529
210.99056390618,9971351552,566.71606952523,393.791466
212.22547093824,9977982976,565.76395802192,394.715162
212.85774333865,10004500480,565.03734742373,401.257005
213.18146680766,10022502400,564.67427870249,406.184676
213.44044558287,10028412928,563.04940542442,407.791493
213.69942435807,10038263808,560.29487991547,408.353494
213.95840313328,10040877056,559.11805037705,408.831093
214.3468712961,10042150912,558.04173152773,409.312033
214.92957354032,10046402560,556.90257607229,409.793882
215.80362690664,10046775296,555.8139048565,410.300384
217.11470695614,10050265088,554.52282409194,410.815869
219.08132703038,10053656576,553.2429033021,411.21308
221.04794710462,10055503872,552.45526280522,411.726584
223.99787721597,10060369920,551.80292999896,412.371509
226.94780732733,10063089664,551.09519779305,413.109212
229.89773743869,10065141760,550.40831195042,413.713099
231.78569270996,10079281152,550.09844348089,417.381405
233.67364798123,10086289408,549.72636401366,417.938645
235.5616032525,10087145472,549.22842268254,418.552433
237.44955852377,10090541056,548.82968192935,419.077124
240.28149143068,10091487232,548.24974755272,419.684608
243.11342433758,10091888640,547.7900285647,420.205209
247.36132369794,10096775168,547.25673892275,420.724279
253.73317273847,10102566912,546.59188089874,421.315193
257.81115612442,10146578432,546.25163299225,429.783357
261.07354283317,10172665856,545.96115594422,436.451325
263.68345220018,10176712704,545.53117269097,437.060198
266.29336156718,10179477504,545.14866150854,437.622058
268.90327093418,10181816320,544.76058361384,438.198272
271.51318030119,10187968512,544.45624748658,438.714896
275.42804435169,10187128832,544.07838395495,439.274633
279.3429084022,10194321408,543.68353751399,439.987055
283.2577724527,10196402176,543.2416894926,440.556235
287.17263650321,10200420352,542.9111068628,441.081823
291.87047336381,10218692608,542.60268664981,450.190994
295.6287428523,10241798144,542.39188196156,460.651851
299.38701234078,10243735552,542.10171185438,461.223417
302.39362793157,10267721728,541.9630774371,471.64905
305.40024352236,10268176384,541.6501482158,472.410471
308.40685911315,10273243136,541.3055850385,472.982784
311.41347470393,10275971072,541.00560458902,473.627788
314.42009029472,10278998016,540.6953259615,474.192274
317.42670588551,10277261312,540.49725585096,474.758485
319.35093986361,10314711040,540.41728560768,485.383033
321.27517384172,10315612160,540.09871445676,485.949748
323.19940781982,10316693504,539.81053385572,486.520884
325.12364179793,10320547840,539.56504475798,487.042188
328.00999276508,10322952192,539.03422390766,487.657903
330.89634373224,10326794240,538.72002339768,488.255007
333.7826946994,10329694208,538.30084694638,488.894072
336.66904566655,10331156480,537.98423891811,489.420951
340.99857211729,10339708928,537.70095625384,490.017766
343.21528966006,10375487488,537.57963682597,508.655467
345.43200720284,10381860864,537.38723627421,509.318525
347.64872474562,10385915904,537.04481479717,510.008779
349.86544228839,10390106112,536.6305298689,510.611598
352.08215983117,10392383488,536.24245052244,511.206752
354.29887737394,10396610560,535.88746004441,511.758809
356.51559491672,10393251840,535.63036326115,512.302866
358.7323124595,10397437952,535.32465467861,512.887191
360.94903000227,10404122624,534.9351712023,513.514261
363.16574754505,10405085184,534.63003065099,514.049577
365.38246508782,10406559744,534.34166896675,514.591956
367.5991826306,10409197568,534.03828426695,515.152561
369.81590017338,10414694400,533.8446476788,515.672885
373.14097648754,10412093440,533.56577911858,516.36921
376.46605280171,10419560448,533.25876562986,516.995469
379.12611385304,10436501504,533.00023553283,521.407701
381.2541626941,10454609920,532.60874940331,531.135769
383.38221153517,10457305088,531.77016587398,531.805972
385.51026037623,10461057024,531.12031150873,532.362866
387.6383092173,10463272960,530.75764310221,532.956007
389.76635805836,10467176448,530.28167483237,533.673899
391.89440689943,10466177024,529.75588725695,534.226652
394.02245574049,10475102208,529.06948968449,534.999191
395.72489481334,10478522368,528.36874605127,535.590901
397.4273338862,10480947200,527.87658250729,536.09007
399.98099249547,10488832000,527.39404287897,537.054845
402.0239193829,10488504320,526.70940158077,537.905361
403.65826089284,10494296064,525.89265434736,538.529084
405.29260240277,10493698048,525.15519764197,539.281954
406.60007561072,10497732608,524.47651359556,539.906425
407.90754881867,10500423680,523.73743540128,540.648838
408.95352738503,10506502144,523.09486052027,541.380407
409.79031023812,10516422656,522.33639206412,543.967595
410.13305649475,10533220352,522.02481412566,550.531487
410.40725350005,10541289472,519.64207985041,553.187634
410.68145050535,10545135616,517.2928136556,553.739447
411.0927460133,10545221632,515.83953353614,554.193982
411.70968927522,10543407104,514.48443159965,554.675682
412.63510416811,10545963008,512.96949975056,555.189318
413.560519061,10550280192,511.80665970786,555.71729
414.48593395388,10554368000,511.03786656694,556.199667
415.87405629322,10556293120,510.21066761129,556.6837
417.95623980221,10557345792,509.10897711729,557.294102
420.03842331121,10556325888,508.38003185147,557.819344
422.12060682021,10566545408,507.89668884703,558.306312
425.2438820837,10568400896,507.42840535246,558.796971
429.92879497894,10567012352,507.0044575011,559.350829
433.67672529514,10586968064,506.77338185211,563.552691
436.67506954809,10600869888,506.46807563556,572.856154
439.07374495046,10611965952,506.11339435386,575.222504
441.47242035282,10615746560,505.62188777086,575.875166
443.87109575518,10618376192,504.92909200412,576.462103
446.26977115755,10624126976,504.35303902318,576.995658
448.66844655991,10625253376,503.97275246115,577.482134
452.26645966346,10624299008,503.64721234368,578.085243
455.864472767,10626097152,503.34537053889,578.91483
458.74288324984,10631622656,502.8670368708,579.624989
461.62129373268,10633588736,502.46237492092,580.414777
463.92402211895,10637451264,502.16367784784,581.020244
466.22675050522,10642427904,501.83928266621,581.700979
468.52947889149,10648809472,501.07767372772,582.592992
470.3716616005,10650148864,500.13129380186,583.20623
472.21384430952,10655813632,499.58247626161,583.768658
474.05602701853,10660253696,498.7517026229,585.45147
475.52977318575,10663526400,497.63850083708,586.070786
477.00351935296,10666192896,496.5063692666,586.708085
478.47726552017,10677346304,495.58448596949,588.112382
479.08091195026,10694987776,494.88112859319,593.940022
479.38997892247,10706239488,493.05073798896,598.134681
479.69904589467,10707361792,490.27054906528,598.644781
480.00811286688,10705149952,488.98607676311,599.081299
480.47171332519,10707116032,487.83341365052,599.524492
481.16711401265,10711404544,486.45298591354,600.024418
481.86251470012,10711228416,485.41665796416,600.493083
482.90561573131,10716033024,484.3613181173,600.959375
484.47026727811,10715959296,483.42331837632,601.432748
486.8172445983,10717487104,482.56570281532,601.688545
490.33771057858,10720694272,481.80939043238,602.200204
493.85817655887,10726612992,481.30773629938,602.673743
499.1388755293,10725244928,480.82679174529,603.149755
507.05992398494,10725081088,480.34392148595,603.633448
518.94149666841,10730086400,479.83093074698,604.170757
530.82306935187,10733686784,479.39586767302,604.707157
542.70464203534,10734407680,478.9954248514,605.199347
554.11095181147,10764345344,478.7021812359,614.099312
558.78297629577,10802585600,478.62235112641,640.950143
561.77307196572,10818088960,478.60329938,651.749188
564.76316763568,10822066176,478.49335363831,652.38302
567.75326330563,10826125312,478.33537288884,652.947836
570.74335897558,10825637888,478.26576312762,653.429143
575.22850248051,10827988992,478.20011666094,653.7192
579.71364598544,10828697600,478.1557845252,654.216248
586.44136124284,10829819904,478.0986835644,654.704986
596.53293412893,10830503936,478.00747035883,655.198455
604.28326210545,10866896896,477.91543012698,670.76942
608.25143002942,10897809408,477.89105994603,689.979131
611.4259643686,10912092160,477.82226038257,699.82514
614.60049870779,10917019648,477.68091683965,700.342236
619.36230021656,10915385344,477.57736094379,700.858891
623.0193637753,10936737792,477.53893506488,719.67523
626.67642733403,10943148032,477.40382458547,720.290312
630.33349089277,10943549440,477.22930186409,720.842422
633.99055445151,10948333568,477.16737276202,721.347346
639.47614978962,10946990080,477.11402171198,721.8757
647.70454279678,10949230592,477.0639716452,722.60424
654.2872572025,10949730304,477.03210564341,723.105349
664.1613288111,10953400320,477.00656533947,723.65046
674.03540041969,10956357632,476.96527907196,724.158585
688.84650783257,10955603968,476.89817777959,724.767446
703.65761524546,10960232448,476.86922095461,725.276758
715.03254573856,10986061824,476.91443875361,739.594962
719.69171726853,11012517888,476.95566871222,760.797886
722.67358704771,11029737472,476.99819410018,773.901374
725.05908287106,11033849856,476.9731765297,775.891382
727.44457869441,11037380608,476.85290613892,776.508464
729.83007451775,11039395840,476.81076715901,777.010296
733.40831825277,11040215040,476.80775327305,777.511446
738.7756838553,11043590144,476.837179216,778.052317
741.5237750438,11066716160,476.86246940469,800.377451
744.27186623229,11069612032,476.87066326611,800.952804
747.01995742078,11069104128,476.77228481867,801.538201
749.76804860928,11069382656,476.72799023728,802.061617
753.89018539202,11070234624,476.69388487499,802.320333
760.07339056613,11071623168,476.662698488,802.815491
767.49323677507,11081592832,476.64083805386,808.914328
772.24193834879,11102818304,476.6454771564,823.443899
775.28110735597,11116703744,476.66716368319,835.353743
778.32027636315,11119759360,476.62655486439,836.089211
781.35944537033,11123150848,476.52774789583,836.67081
784.39861437751,11125026816,476.49337929311,836.931814
788.95736788828,11125571584,476.47892510764,837.192929
795.79549815443,11127304192,476.48216210742,837.655516
806.05269355367,11128582144,476.50341276427,838.157384
818.36132803274,11142066176,476.56805327456,843.366321
824.66334888603,11171667968,476.63583873073,858.76592
827.88998356292,11199164416,476.66357356773,885.236406
830.47129130442,11202203648,476.57017916434,885.820596
833.05259904593,11202387968,476.52758438349,886.092038
836.92456065819,11203543040,476.5083861226,886.359767
842.73250307658,11207970816,476.50350748702,886.831071
851.44441670417,11202326528,476.51831211093,887.340271
856.79701643696,11237515264,476.5320305106,908.931475
859.53754750014,11256950784,476.56039205827,931.436922
862.27807856333,11260600320,476.53766438228,932.1695
865.01860962652,11262373888,476.44102046254,932.744073
867.75914068971,11269124096,476.40757932071,933.235566
871.86993728449,11267411968,476.41214441145,933.749511
875.02702906928,11291320320,476.43949224575,952.515656
878.18412085407,11293343744,476.46218000868,953.298175
880.70979428191,11295985664,476.35845689859,953.891796
883.23546770974,11299282944,476.1998701881,954.461646
885.76114113758,11300982784,476.12556954299,954.960952
888.79194925098,11303563264,476.12529688292,958.483328
890.34372300504,11315388416,476.15111366624,962.973449
891.8954967591,11318800384,476.02304809285,963.582668
893.13691576235,11322834944,475.6735973337,964.158911
894.3783347656,11323699200,475.36188940693,964.684527
895.61975376885,11323834368,475.11828864971,965.222325
896.8611727721,11327451136,474.92298490917,965.716084
898.72330127697,11327459328,474.69018663999,966.052024
900.58542978184,11325943808,474.4954637213,966.580576
902.44755828672,11327123456,474.32553235679,966.928543
904.30968679159,11332501504,474.18742451718,967.461622
906.17181529646,11333320704,474.06766310479,967.768519
908.03394380134,11334184960,473.96986156961,968.254977
910.82713655865,11336220672,473.8665006151,968.833392
913.62032931596,11337773056,473.79796284059,969.169586
916.41352207327,11335479296,473.75559427656,969.690975
920.60331120923,11339800576,473.72333737025,970.166046
926.88799491318,11342770176,473.71752722673,970.673676
936.3150204691,11341737984,473.75063063372,971.188566
950.45555880298,11342131200,473.85354089821,972.432556
961.76798947009,11345289216,473.97010237126,972.948942
972.62792291051,11359891456,474.11369797149,981.565935
978.18820883201,11388235776,474.20906867864,999.619487
981.03507522381,11397345280,474.28816222945,1026.376459
983.88194161562,11400925184,474.2373904131,1027.045677
986.72880800742,11401650176,474.20916489215,1027.565513
989.57567439923,11403554816,474.16550395052,1028.570075
991.85316751267,11405811712,474.04928639313,1029.147292
994.13066062612,11408044032,474.00759195582,1029.63808
997.54690029629,11408809984,474.00288056657,1030.137241
1002.6712598015,11408596992,474.02221119855,1030.674069
1007.5906449266,11425746944,474.06242613262,1049.329837
1010.7390514066,11446013952,474.10523749435,1066.374237
1012.7540315538,11454205952,474.15724748916,1069.231396
1014.3660156716,11456888832,474.12015606989,1071.625697
1015.6556029658,11452248064,473.80093453874,1072.285668
1016.94519026,11457896448,473.48907201408,1072.787447
1018.2347775543,11459002368,473.2449074157,1073.294933
1019.5243648485,11459923968,473.05390504807,1073.829054
1021.4587457898,11459719168,472.82578773098,1074.157534
1023.3931267311,11461111808,472.63677517802,1074.485216
1025.3275076725,11462238208,472.48596537903,1074.815808
1027.2618886138,11461554176,472.3686523725,1075.310556
1029.1962695551,11462549504,472.27989439937,1075.595912
1031.1306504964,11464081408,472.21014811416,1075.882308
1033.0650314378,11468398592,472.07097969227,1076.471099
1034.9994123791,11469512704,471.93371651817,1076.76646
1036.9337933204,11470368768,471.85120708082,1077.016966
1039.8353647324,11471704064,471.79939672878,1077.316475
1042.7369361444,11471339520,471.75660927078,1077.84965
1045.6385075564,11474747392,471.63354848932,1078.405809
1048.5400789684,11477319680,471.58926592401,1078.869399
1052.8924360864,11478233088,471.51602231449,1079.417408
1057.2447932044,11478859776,471.39157336004,1079.956395
1061.5971503224,11477962752,471.3426304203,1080.418036
1065.7754131556,11497385984,471.32316186703,1092.52562
1069.1180234222,11506688000,471.34036963434,1102.408266
1072.4606336888,11505328128,471.22105089742,1103.013683
1075.8032439555,11506774016,471.17430819621,1103.260918
1080.8171593554,11508895744,471.16248873063,1103.733792
1084.6678463825,11523698688,471.17882339509,1124.459447
1087.1322860799,11526045696,471.20823524522,1131.14717
1088.7095274862,11527143424,471.24049284149,1135.517989
1090.2867688925,11527839744,471.25147854437,1136.014432
1091.8640102988,11528859648,471.03919104283,1136.419603
1093.4412517052,11529633792,470.83739251694,1136.703121
1095.0184931115,11530412032,470.68202520082,1136.945697
1097.384355221,11531292672,470.43800490383,1137.313271
1099.7502173304,11532353536,470.29105268571,1137.55718
1103.2990104946,11532787712,470.19324312565,1137.812605
1108.622200241,11533676544,470.1603563206,1138.178854
1112.0290416786,11542462464,470.14338741783,1149.440477
1114.7545148287,11547410432,469.99964422716,1150.027952
1117.4799879788,11548110848,469.94773234076,1150.506935
1121.568197704,11550265344,469.93936429977,1150.981076
1126.4740493742,11559882752,469.97967391101,1160.036222
1131.3799010444,11564208128,469.92959646034,1160.700299
1135.3045823806,11565031424,469.86640764899,1161.213008
1139.2292637168,11565166592,469.86289508294,1161.674352
1145.116285721,11565694976,469.90354970513,1162.012747
1148.8839798037,11583799296,469.96592633672,1179.263896
1150.8130391741,11591888896,470.01288200068,1193.022515
1152.3562866704,11590623232,470.07656654673,1195.23142
1153.8995341666,11596337152,469.89073994975,1195.909961
1155.4427816629,11597623296,469.47072664964,1196.5085
1156.9860291592,11599802368,469.14912248305,1197.018403
1158.5292766555,11597881344,468.91863210272,1197.512125
1160.0725241518,11600154624,468.74206445902,1198.017568
1161.615771648,11600400384,468.55532293994,1198.570408
1163.1590191443,11599360000,468.04000498275,1199.140939
1164.7022666406,11600732160,467.45325676709,1199.722152
1166.2455141369,11604922368,466.99863020337,1200.225476
1167.7887616332,11604209664,466.6435971028,1200.740731
1169.3320091295,11608162304,466.35413561122,1201.271894
1170.8752566257,11607560192,466.11823525839,1201.594144
1172.418504122,11609296896,465.92776046937,1202.06762
1174.7333753664,11613278208,465.60976484782,1202.76081
1177.0482466109,11612352512,465.33406952433,1203.291918
1179.3631178553,11613925376,465.14833766411,1203.826292
1181.6779890997,11618615296,465.0229054275,1204.336042
1183.9928603441,11615313920,464.93825430128,1204.863103
1186.3077315886,11618086912,464.89173626553,1205.35287
1189.7800384552,11620925440,464.91326107313,1207.315467
1192.5578839485,11624222720,464.78087791042,1207.945397
1195.3357294418,11628675072,464.56632385011,1208.539276
1197.5580058364,11631747072,464.50385231861,1211.052251
1199.3358269522,11635224576,464.38635934293,1214.78682
1201.1136480679,11634323456,464.12842253565,1215.466879
1202.8914691836,11637002240,463.97228914635,1215.95186
1205.5582008572,11640492032,463.80914521328,1216.667197
1208.2249325307,11640262656,463.67173693206,1217.214778
1210.8916642043,11641487360,463.62581544984,1217.718394
1214.8917617147,11638525952,463.63918652596,1218.32087
1218.091839723,11647590400,463.56750651953,1226.595042
1221.2919177313,11650727936,463.39271266396,1227.404493
1223.8519801379,11652046848,463.21730203167,1227.932965
1226.4120425445,11651227648,463.01222728149,1228.494918
1228.9721049512,11655622656,462.75495579676,1229.136062
1231.5321673578,11655913472,462.58418333013,1229.411302
1235.3722609677,11657895936,462.418115158,1229.922927
1241.1324013827,11661697024,462.23573421062,1230.467404
1246.8925417976,11660181504,462.10830976312,1231.006912
1252.6526822125,11661500416,462.09005531025,1231.549193
1256.3391720781,11677032448,462.18894432747,1240.316114
1258.698525592,11685228544,462.32556394861,1251.557892
1260.5860084032,11687739392,462.13616553917,1259.275449
1262.0959946521,11688448000,461.78638554378,1259.833044
1263.605980901,11690270720,461.55966882694,1260.394169
1265.11596715,11690889216,461.02843660935,1261.039027
1266.6259533989,11691274240,460.27020850392,1261.670332
1268.1359396478,11695284224,459.67851940474,1262.196179
1269.6459258967,11693092864,459.24185672959,1262.707497
1271.1559121457,11697643520,458.85266857864,1263.245656
1272.6658983946,11696885760,458.49396642615,1263.753132
1274.1758846435,11696914432,458.18120462549,1264.266045
1275.6858708925,11700445184,457.94592447546,1264.739831
1277.4978543912,11712315392,457.76453857496,1271.328236
1279.3098378899,11709665280,457.35949654132,1272.234779
1280.7594246889,11714736128,456.72506542346,1272.89059
1282.2090114878,11714732032,456.13366955896,1273.461015
1283.6585982868,11714568192,455.59537683689,1273.992348
1285.1081850858,11712667648,455.11789708365,1274.509806
1286.5577718848,11717328896,454.60412322833,1275.047428
1288.0073586837,11718656000,454.15250011614,1275.523293
1290.1817388822,11718696960,453.66209379028,1276.0824
1292.3561190806,11718971392,453.30408660284,1276.590015
1294.5304992791,11721236480,453.04530160981,1277.104251
1296.7048794776,11724042240,452.74442443559,1277.698704
1298.879259676,11724054528,452.45282946583,1278.402693
1300.6187638348,11725959168,452.04855198762,1278.924345
1302.3582679935,11725856768,451.74431586641,1279.421449
1304.0977721523,11729952768,451.37223051894,1280.037602
1305.8372763111,11730702336,451.06224242392,1280.495945
1308.4465325492,11733434368,450.64556978715,1281.266342
1310.5339375398,11734462464,449.97735004123,1282.02503
1312.2038615322,11734691840,449.42338116766,1282.565969
1313.8737855246,11736227840,448.84779070393,1283.295459
1315.2097247185,11740192768,448.33082093264,1283.776397
1316.5456639124,11742294016,448.00913288249,1284.293451
1317.8816031064,11741900800,447.5481457294,1285.031737
1318.9503544615,11745746944,447.07141417152,1285.547415
1320.0191058167,11747364864,446.45803476112,1286.20523
1320.703106684,11751763968,446.11633929806,1290.453093
1321.053315128,11756032000,445.87537263446,1295.52544
1321.2774485322,11757936640,445.0704860363,1298.72203
1321.5015819364,11762356224,442.22567370613,1299.225529
1321.7257153406,11762483200,441.04388213472,1299.658642
1322.0619154469,11761356800,440.02402548674,1300.068543
1322.5662156063,11763376128,439.00745194608,1300.472097
1323.3226658455,11764654080,438.02606806343,1300.865858
1324.4573412042,11766358016,436.98885531596,1301.288818
1326.1593542423,11764617216,436.04959258421,1301.719284
1328.7123737995,11767635968,435.00204288102,1302.418655
1331.2653933566,11767382016,434.16243317002,1302.930571
1333.8184129138,11766902784,433.66978113943,1303.393516
1336.371432471,11766034432,433.21239497645,1303.947798
1338.9244520281,11768856576,432.75929664126,1304.462539
1341.4774715853,11768008704,432.4368082988,1304.898238
1344.5410950539,11770126336,432.21387273287,1306.346752
1346.1096702698,11778523136,432.10597537548,1315.067917
1347.6782454857,11778256896,431.60830251961,1315.616001
1349.2468207016,11779682304,431.11815432737,1316.123232
1350.8153959175,11780259840,430.74834765831,1316.394836
1352.3839711334,11780907008,430.46979523501,1316.860677
1353.9525463494,11782938624,430.26111592879,1317.331315
1355.5211215653,11783753728,429.8595162408,1317.763496
1357.0896967812,11784802304,429.29551412164,1318.275315
1358.6582719971,11785818112,428.83787792649,1318.753205
1360.226847213,11785748480,428.48092497469,1319.218944
1361.7954224289,11786633216,428.19921959452,1319.653896
1364.1482852528,11787218944,427.83801298085,1320.239397
1366.5011480767,11787788288,427.42362806344,1320.774313
1368.8540109006,11789553664,427.10132381154,1321.254633
1371.2068737244,11787976704,426.84980470197,1321.715425
1373.5597365483,11790610432,426.63798557318,1322.206095
1375.9125993722,11792007168,426.4581402409,1322.637109
1379.441893608,11793018880,426.23596289411,1323.152639
1382.9711878438,11793850368,426.06713719019,1323.621407
1386.5004820796,11793072128,425.94040809428,1324.09615
1390.0297763154,11793502208,425.85021121534,1324.343768
1395.3237176692,11794145280,425.7930902349,1324.828256
1398.7118401355,11802652672,425.83184956358,1338.472004
1402.0999626019,11806760960,425.64485553368,1339.183919
1404.810460575,11808804864,425.47835636538,1339.652558
1407.5209585481,11809665024,425.41007434472,1340.121919
1410.2314565212,11810713600,425.25714622301,1340.708878
1412.9419544943,11809509376,425.15853673571,1341.21821
1415.6524524674,11811631104,424.86821910667,1341.834081
1418.3629504405,11811987456,424.58460157534,1342.314354
1421.0734484136,11813863424,424.42710099583,1342.748204
1425.1391953733,11814854656,424.27615611451,1343.182143
1431.2378158128,11815993344,424.1108503721,1343.660402
1437.3364362523,11816710144,424.00975971711,1344.098199
1442.0201767498,11827765248,424.0090330902,1365.953473
1445.7671691478,11835052032,423.98467660824,1373.914949
1448.7647630662,11836649472,423.91014105873,1374.425915
1451.7623569846,11836104704,423.718878455,1374.98088
1454.759950903,11839029248,423.62247708759,1375.442838
1457.7575448215,11840466944,423.5414162875,1376.029003
1460.7551387399,11841187840,423.45054215757,1376.530128
1462.2899068261,11851108352,423.39831328916,1388.379197
1463.8246749123,11852398592,423.10838259544,1389.013445
1465.3594429986,11853709312,422.6335825357,1389.530702
1466.8942110848,11854446592,422.25447416113,1389.815596
1468.428979171,11855441920,421.96198992584,1390.310429
1469.9637472572,11855908864,421.72640573002,1390.588025
1471.4985153435,11856773120,421.53543724861,1391.015974
1473.8006674728,11857317888,421.32660776447,1391.394623
1475.6423891763,11863535616,421.21815123286,1397.513679
1477.4841108798,11866046464,420.98287886162,1398.106065
1479.3258325832,11867070464,420.48453302736,1398.647766
1481.1675542867,11868348416,419.98151063772,1399.145692
1483.0092759902,11869470720,419.6019591667,1399.561614
1485.2193420344,11872215040,419.2885254505,1401.488826
1487.4294080785,11874004992,419.00141584821,1402.000112
1489.6394741227,11874312192,418.54843681329,1402.574357
1491.8495401669,11874951168,417.98688913608,1403.195458
1494.059606211,11877150720,417.55974404678,1403.660494
1496.2696722552,11877859328,417.30583573753,1404.13634
1498.4797382994,11879194624,416.98559943181,1404.790182
1500.2477911347,11880235008,416.58281352688,1405.248259
1502.01584397,11879174144,416.2757954065,1405.691837
1503.7838968054,11880652800,416.08088737599,1406.099763
1506.4359760584,11881402368,415.79066851011,1407.063329
1508.5576394608,11883655168,415.35088052086,1407.623623
1510.6793028632,11885617152,414.87442719238,1408.37148
1512.3766335851,11887562752,414.37382426998,1408.848881
1514.073964307,11888545792,414.12153017774,1409.412939
1515.7712950289,11890184192,413.59212887652,1409.987729
1517.1291596065,11892084736,412.84727603805,1410.63209
1517.8243862702,11896520704,412.66868113783,1417.685584
1518.180342322,11902840832,412.44490950222,1422.38177
1518.4081541952,11907264512,412.23245383506,1425.773463
1518.6359660683,11908972544,409.72559757149,1426.25222
1518.8637779415,11909341184,408.05137034612,1426.451604
1519.2054957512,11909971968,406.96859738492,1426.808339
1519.7180724658,11910582272,405.9806157995,1427.170526
1520.4869375377,11910868992,404.93681442774,1427.524842
1521.6402351456,11911516160,403.88875080767,1427.910185
1523.3701815574,11912138752,402.72094891967,1428.463467
1525.1001279693,11913601024,401.49734398027,1428.949921
1526.8300743811,11914285056,400.55024183121,1429.376912
1528.5600207929,11915042816,399.81681834509,1429.811013
1530.2899672047,11915792384,399.2239357734,1430.238201
1532.0199136165,11915378688,398.72959323528,1430.661867
1533.7498600283,11917373440,398.3042787014,1431.058293
1536.3447796461,11918598144,397.78187606902,1431.518889
1538.9396992638,11919376384,397.34623371356,1431.954747
1541.5346188815,11920683008,396.9719935888,1432.3963
1544.1295384992,11921375232,396.65158081406,1432.833814
1546.724458117,11920580608,396.36651375124,1433.276266
1549.3193777347,11922100224,396.12083779939,1433.735729
1551.9142973524,11923247104,395.90529200129,1434.20335
1554.5092169701,11923910656,395.72103263522,1434.620323
1558.4015963967,11924643840,395.49502533245,1435.096059
1562.2939758233,11925471232,395.31745844311,1435.458221
1566.1863552499,11926654976,395.17767373839,1435.894845
1572.0249243898,11926982656,395.02096487791,1436.364546
1576.6957797017,11927748608,394.92419570004,1436.806754
1582.3008060759,11932393472,394.84309802568,1443.864783
1585.8880229555,11943899136,394.80799705185,1459.646491
1588.7577964591,11946135552,394.79737312558,1461.614036
1590.5944515014,11950522368,394.80644146788,1469.133009
1592.0637755353,11954249728,394.82685953866,1471.644579
1593.5330995692,11955482624,394.60195659574,1472.077097
1595.002423603,11955867648,394.24737016691,1472.415962
1596.4717476369,11956576256,393.96185845407,1472.666153
1597.9410716707,11957444608,393.73536293447,1472.910987
1599.4103957046,11958349824,393.5468006442,1473.154245
1600.8797197385,11958812672,393.38511755407,1473.362402
1603.0837057893,11959693312,393.18555516176,1473.679184
1605.28769184,11960881152,393.01260737612,1474.108223
1607.4916778908,11961188352,392.86154800718,1474.420339
1609.6956639416,11962384384,392.73686145909,1474.834908
1611.8996499924,11963035648,392.63441557551,1475.237944
1615.2056290686,11963756544,392.52971369002,1475.565775
1618.5116081448,11963994112,392.46222714006,1475.811893
1621.817587221,11964440576,392.4199683567,1476.025826
1626.7765558353,11965091840,392.38418393899,1476.275345
1631.7355244495,11965370368,392.36283402476,1476.496414
1639.1739773709,11965689856,392.33952456753,1476.828406
1646.6124302924,11966902272,392.31724534818,1477.19678
1652.5631926295,11967840256,392.30288433774,1477.587948
1661.4893361352,11968802816,392.31311066145,1478.037148
1666.9735587051,11984359424,392.34325083309,1493.617493
1670.4834611498,11986452480,392.39328722169,1506.619514
1673.2913831056,11987841024,392.36346662404,1516.143148
1675.5377206703,11988467712,392.28212546825,1516.561587
1677.7840582349,11989028864,392.27330394798,1516.963418
1680.4796633124,11995918336,392.22885107822,1526.902894
1682.6361473745,11997020160,392.13940883392,1527.331992
1684.7926314365,11997437952,392.10682497268,1527.720169
1688.0273575296,11997941760,392.10567790654,1528.11123
1692.8794466692,11998494720,392.14460769048,1528.497054
1697.5374522432,12005249024,392.22858988847,1536.826276
1700.5185758106,12008574976,392.39261492989,1548.025413
1701.4954303812,12009967616,392.50383254491,1558.88435
1702.1206173063,12011614208,392.66867499704,1561.230973
1702.440713012,12014886912,392.82412408778,1564.870734
1702.7608087177,12015403008,392.09697593029,1565.21874
1703.0809044234,12015849472,389.79304200195,1565.516278
1703.401000129,12017815552,388.31982322914,1565.929594
1703.7210958347,12018638848,387.19514393258,1566.329343
1704.0411915404,12019351552,386.26267018454,1566.726894
1704.5213350989,12018458624,385.331213108,1567.118068
1705.2415504367,12018880512,384.07356871893,1567.432082
1705.9617657745,12020129792,382.62523239833,1567.881178
1706.6819811123,12022161408,381.42739560169,1568.301547
1707.40219645,12021923840,380.51921998718,1568.684628
1708.4825194567,12023017472,379.25374121941,1569.224946
1709.5628424634,12023824384,378.0898186947,1569.707536
1710.6431654701,12023115776,377.12906722947,1570.12082
1711.7234884767,12024942592,376.41261216744,1570.534804
1712.8038114834,12025462784,375.7484730056,1570.940321
1713.8841344901,12026273792,374.99098209011,1571.382157
1714.9644574967,12026904576,374.36945844534,1571.805985
1716.5849420067,12027916288,373.54874809321,1572.316792
1718.2054265168,12028731392,372.64331673521,1572.796
1719.8259110268,12029022208,371.93206038833,1573.110592
1721.4463955368,12030259200,371.32246000447,1573.574651
1723.0668800468,12031053824,370.62804726591,1574.056343
1724.6873645568,12031967232,369.76285703363,1574.527161
1726.3078490668,12032860160,368.97390165111,1574.931439
1727.9283335768,12033495040,368.34387247073,1575.327917
1729.5488180868,12034179072,367.7895655356,1575.727016
1731.1693025968,12034654208,367.29404565208,1576.099628
1733.6000293618,12035260416,366.60585089886,1576.477339
1736.0307561268,12036562944,365.94613887991,1576.928846
1738.4614828918,12037267456,365.33038906064,1577.33593
1740.8922096568,12038234112,364.74050598177,1577.746693
1743.3229364218,12039049216,364.17437085209,1578.145072
1745.7536631868,12039704576,363.6453823731,1578.514863
1749.3997533344,12040896512,362.86651360112,1579.097306
1751.7332510288,12043382784,362.3670268219,1580.994127
1754.0667487232,12044947456,361.70815625773,1581.589518
1755.9335468787,12046659584,361.10822356737,1581.99397
1757.8003450342,12047347712,360.6303195113,1582.367721
1760.6005422675,12047790080,360.012599137,1582.743027
1764.8008381174,12048367616,359.17114767512,1583.177443
1769.0011339674,12049281024,358.40434587699,1583.621659
1773.2014298173,12050128896,357.68109080742,1584.166099
1777.4017256672,12051030016,357.00448863617,1584.682038
1780.0899150112,12055732224,356.62043685327,1591.684119
1782.7781043552,12057501696,356.1288454255,1592.213019
1785.4662936991,12058140672,355.63231822415,1592.610879
1788.1544830431,12058726400,355.21923510212,1592.97886
1792.186767059,12059267072,354.65956176157,1593.381162
1796.219051075,12059549696,354.13884887245,1593.786891
1800.2513350909,12060729344,353.54927458619,1594.505191
1803.4771623036,12061376512,353.01379590612,1594.917608
1806.7029895164,12060446720,352.56279420596,1595.323227
1809.9288167291,12061573120,352.13913463996,1595.694399
1814.7675575483,12062482432,351.5342194371,1596.211177
1817.8643516725,12068257792,351.18821965575,1605.394165
1820.9611457967,12068884480,350.73580009741,1605.883088
1824.057939921,12068556800,350.2606091527,1606.290272
1827.1547340452,12069240832,349.85088315273,1606.678579
1831.7999252316,12071256064,349.29838489969,1607.10155
1836.4451164179,12071931904,348.7498996628,1607.529563
1841.0903076043,12072493056,348.21020674102,1607.916153
1848.0580943838,12073209856,347.42175799812,1608.39926
1855.0258811634,12073869312,346.66881283361,1608.935825
1861.9936679429,12074512384,345.95505503221,1609.469001
1868.9614547224,12075819008,345.26310486253,1610.119216
1872.5289615536,12082372608,344.80177199191,1623.630726
1875.3829670185,12083593216,344.3355964804,1624.044812
1879.6639752158,12084654080,343.77292214018,1624.508896
1883.9449834132,12085014528,343.28725114033,1624.936604
1890.3664957092,12085522432,342.65163815161,1625.488327
1896.7880080052,12085964800,342.08533677105,1625.975828
1901.925217842,12092399616,341.68133881926,1634.615362
1905.2130321376,12099579904,341.3336091127,1651.503044
1908.5008464332,12100726784,340.89588884134,1652.012592
1911.7886607287,12101574656,340.52882376384,1652.428387
1916.7203821721,12102144000,340.03014694222,1652.851339
1924.1179643371,12101410816,339.38460044284,1653.313719
1930.0360300691,12106907648,338.92316677995,1660.193124
1933.0660797239,12115156992,338.72355368196,1682.012017
1935.4901194477,12120207360,338.56579056248,1689.708003
1937.9141591716,12121235456,338.23857870394,1690.199446
1940.3381988954,12122042368,337.82894503364,1690.65535
1942.7622386192,12122578944,337.55618898041,1691.035224
1946.398298205,12123328512,337.22666741477,1691.442062
1951.8523875836,12124028928,336.80005644018,1691.852279
1956.2156590865,12127846400,336.4947440072,1698.113749
1959.7062762888,12133449728,336.22417480125,1705.744949
1962.4987700507,12135051264,335.91961368481,1706.201745
1965.2912638125,12135596032,335.53839051611,1706.636587
1968.0837575744,12136124416,335.17038939393,1707.063361
1970.8762513362,12136648704,334.92650400187,1707.458124
1972.6634473438,12140195840,334.81386724557,1712.960688
1974.4506433514,12142223360,334.50791622731,1713.448289
1976.237839359,12143120384,334.01761595514,1713.78408
1978.0250353666,12144209920,333.63251873948,1714.160424
1979.8122313742,12144553984,333.34332092832,1714.506263
1982.4930253856,12145098752,332.9505600132,1714.954672
1985.1738193969,12145950720,332.52248278707,1715.350046
1987.8546134083,12146577408,332.23646729075,1715.697416
1991.8758044254,12147482624,331.9509460293,1716.079469
1995.0927572391,12154204160,331.71791147293,1721.618402
1997.66631949,12155723776,331.24558853032,1722.034685
2000.2398817409,12157104128,330.94202224817,1722.393943
2004.1002251173,12156133376,330.61543641789,1722.735677
2009.8907401819,12157321216,330.18955859831,1723.112955
2015.6812552465,12157833216,329.78625929191,1723.512865
2021.471770311,12158627840,329.39914089661,1723.854683
2027.030664773,12166119424,329.07585620626,1735.257405
2030.5883572287,12175753216,328.79114491529,1749.781014
2034.1460496844,12176429056,328.43976181134,1750.171268
2037.7037421401,12176998400,328.18805224686,1750.535995
2043.0402808236,12177346560,327.8444723508,1750.931427
2047.3095117704,12180303872,327.59578212852,1757.737684
2050.7248965279,12185890816,327.28784682611,1765.126452
2054.1402812853,12187115520,326.958476932,1765.552314
2057.5556660428,12188045312,326.61113918759,1765.981315
2060.9710508002,12188381184,326.25653657276,1766.331737
2066.0941279364,12189007872,325.86435130243,1766.705495
2069.3728973036,12192882688,325.65576601286,1776.72074
2071.9959127973,12195274752,325.50127258044,1779.003064
2074.0943251923,12196786176,325.21798227349,1779.437995
2076.1927375873,12197425152,325.0081782274,1779.771972
2079.3403561797,12197982208,324.78621035175,1780.124082
2082.3620700285,12204744704,324.63081373305,1790.497397
2085.3837838773,12205989888,324.3718742608,1790.951105
2088.405497726,12206592000,324.08528418447,1791.336664
2091.4272115748,12206952448,323.86466796223,1791.679501
2095.959782348,12207149056,323.5675789064,1792.02883
2101.3988672758,12211548160,323.2695471145,1797.338862
2104.8798816295,12220076032,323.09970391311,1810.079081
2107.107730816,12220440576,323.01139317108,1812.310519
2108.8900101651,12223127552,322.94481048567,1814.457454
2110.3158336444,12224573440,322.66474631031,1814.874927
2111.7416571237,12225400832,322.37535583424,1815.241997
2113.167480603,12225658880,322.15536537774,1815.583111
2115.306215822,12226166784,321.78678819416,1816.046173
2117.444951041,12226789376,321.2714002728,1816.464393
2119.5836862599,12227485696,320.94036617739,1816.797469
2122.7917890884,12227928064,320.6471291916,1817.168692
2125.9998919168,12228726784,320.34323957271,1817.549578
2129.2079947453,12229398528,319.99531701138,1817.922519
2132.4160975737,12229804032,319.74871566519,1818.284825
2135.6242004021,12230561792,319.42954523918,1818.734135
2138.8323032306,12231168000,319.07901215483,1819.075528
2143.6444574733,12231516160,318.68887368004,1819.451042
2148.4566117159,12231782400,318.33225624436,1819.791125
2154.2311968071,12234584064,317.98751771746,1826.570954
2160.0057818983,12236050432,317.51937416243,1827.086771
2164.6254499713,12236619776,317.10528444238,1827.45582
2166.517666014,12241702912,316.98844019132,1837.172255
2168.4098820567,12243673088,316.81262649435,1838.091941
2169.9236548908,12244508672,316.45080523569,1838.520622
2171.437427725,12244848640,316.15330346411,1838.88418
2172.9512005591,12245200896,315.92709223665,1839.216107
2175.2218598103,12245581824,315.67594650518,1839.606592
2177.4925190616,12246159360,315.32063132686,1840.065307
2179.7631783128,12246777856,315.02595916904,1840.434437
2181.5797057138,12247650304,314.63786281313,1842.227493
2183.3962331147,12248629248,314.01492794627,1842.642925
2185.2127605157,12249006080,313.46181965414,1843.055453
2187.0292879167,12249231360,313.07880531058,1843.476682
2189.7540790182,12249681920,312.69544768137,1843.842145
2192.4788701196,12250189824,312.39580950398,1844.216608
2195.2036612211,12249227264,312.00244649149,1844.664952
2197.9284523226,12250959872,311.54138602018,1845.110274
2200.653243424,12251226112,311.12731967339,1845.467942
2203.3780345255,12251762688,310.81852618816,1845.823936
2206.102825627,12252299264,310.42905522093,1846.26989
2208.8276167284,12252868608,310.00987454701,1846.649417
2211.5524078299,12253032448,309.69998182511,1846.872454
2214.2771989314,12253708288,309.45733694697,1847.232173
2217.0019900328,12254134272,309.22073577684,1847.591358
2219.7267811343,12254490624,308.89040823361,1848.034591
2222.4515722358,12254912512,308.64413534362,1848.392644
2225.1763633372,12255776768,308.17590000431,1848.897712
2227.9011544387,12256305152,307.80011737437,1849.314922
2230.6259455402,12256739328,307.37069694954,1849.775402
2233.3507366417,12257533952,307.00220677224,1850.186079
2235.0946029466,12262465536,306.81567232601,1861.155753
2236.8384692515,12263448576,306.34337974424,1862.542846
2238.5823355565,12264378368,305.68413738712,1862.97861
2240.3262018614,12264710144,305.21740893232,1863.337288
2242.0700681663,12265209856,304.9383892782,1863.6933
2243.8139344713,12265459712,304.50304072471,1864.115214
2245.5578007762,12265639936,303.56487568702,1864.546616
2247.3016670812,12265988096,302.72905266742,1864.906302
2249.0455333861,12266450944,302.14025902624,1865.245074
2251.6613328435,12267008000,301.53477609468,1865.605077
2254.2771323009,12267356160,301.08790164388,1865.996984
2256.8929317583,12268556288,300.55086005173,1866.567811
2258.9855713243,12269150208,299.60388680231,1867.023587
2261.0782108902,12269776896,298.76020441261,1867.452403
2263.1708504561,12270510080,298.1675357561,1867.847609
2265.263490022,12271943680,297.64050508991,1868.59419
2266.9376016748,12272713728,296.63726593959,1869.117949
2268.276890997,12273500160,295.89582815991,1869.554012
2269.6161803192,12273856512,295.25540746753,1870.351702
2270.3018964521,12276609024,294.28878944969,1873.496461
2270.6529831122,12278784000,293.93940795936,1877.380778
2270.9338524403,12280549376,292.00708413166,1881.844928
2271.1585479027,12280930304,289.64910582293,1882.456671
2271.3832433652,12281614336,288.5586961912,1882.826492
2271.7202865588,12282085376,287.52671148242,1883.224737
2272.2258513494,12282286080,286.47281403263,1883.66448
2272.9841985351,12282540032,285.19568178148,1884.153686
2274.1217193138,12282880000,283.66397147391,1884.996955
2275.2592400924,12283068416,282.56106825105,1886.018328
2276.3967608711,12283211776,281.7833289959,1886.503786
2278.103042039,12283375616,280.97407623254,1887.108227
2279.809323207,12283551744,280.37762365111,1887.536491
2282.368744959,12283817984,279.72442108307,1887.944568
2284.9281667109,12284088320,279.21990622735,1888.805374
2287.4875884629,12284268544,278.81340813958,1889.190518
2291.3267210908,12284432384,278.31959835655,1889.591441
2295.1658537188,12284706816,277.90439523312,1891.300754
2299.0049863467,12285128704,277.55119222545,1891.944261
2302.8441189747,12285358080,277.24158138165,1892.677294
2308.6028179166,12285669376,276.84117697021,1893.395587
2312.2883852394,12288794624,276.62563606836,1907.146549
2315.2368390977,12291047424,276.37706208843,1920.257937
2318.1852929559,12291883008,276.05015553276,1920.846635
2321.1337468142,12292079616,275.83301685292,1921.448291
2325.5564276016,12292341760,275.57731808761,1921.813256
2332.1904487827,12292657152,275.24826244648,1922.170245
2338.8244699637,12292907008,274.95638970121,1922.614967
2348.7755017354,12293709824,274.56320070981,1923.670755
2356.7363271527,12294586368,274.27353534277,1924.14754
2368.6775652786,12294934528,273.84396195027,1924.674244
2380.6188034046,12295155712,273.4652593559,1925.017213
2390.1717939053,12297592832,273.20581839558,1929.278248
2394.0846988145,12301754368,273.12614002846,1948.067983
2396.5889579563,12304293888,273.02762275573,1955.883873
2399.0932170981,12305047552,272.80013273148,1956.227275
2401.5974762399,12305289216,272.66489643446,1956.537707
2404.6025872101,12308193280,272.57117962962,1964.04421
2407.6076981803,12308590592,272.38085145603,1964.437961
2410.6128091505,12308840448,272.12748745517,1964.701784
2413.6179201207,12309266432,271.98077380432,1965.002046
2418.125586576,12309680128,271.81113159954,1965.313124
2424.887086259,12309921792,271.58428859605,1965.656172
2431.6485859419,12310286336,271.37097086653,1965.968797
2441.7908354663,12310384640,271.04542831005,1966.318549
2451.9330849908,12310523904,270.7424557907,1966.64078
2467.1464592774,12310679552,270.35001803471,1967.005254
2482.359833564,12311166976,269.99504451348,1967.375454
2497.5732078506,12311482368,269.65407153571,1967.758624
2503.8046059584,12315635712,269.5480445218,1981.063398
2506.3569866234,12320108544,269.51803075988,2005.18702
2508.9093672884,12320927744,269.42783552193,2005.737338
2510.9512718203,12321263616,269.25581810314,2006.060624
2512.9931763523,12321574912,269.12738901607,2006.378762
2515.0350808843,12321878016,268.90042366113,2006.756633
2517.0769854162,12322111488,268.75304832183,2007.063571
2520.1398422142,12322250752,268.61230753263,2007.36888
2524.7341274111,12322299904,268.4478797328,2007.545011
2531.6255552065,12322635776,268.22907334655,2007.851789
2541.9626968995,12322975744,267.91616323502,2008.158737
2557.4684094391,12323184640,267.45079157431,2008.5583
2569.8729794708,12324880384,267.09517143406,2011.892981
2576.2241193271,12328042496,266.95176489316,2024.667293
2579.4759029334,12334575616,266.91326646894,2041.247173
2582.7276865398,12335865856,266.72727437154,2042.008434
2585.3291134249,12336418816,266.56093600152,2042.340082
2587.93054031,12336594944,266.46583710564,2042.648286
2591.8326806377,12336750592,266.35586063423,2042.928219
2597.6858911292,12337008640,266.22035326828,2043.238138
2603.304973201,12341882880,266.13600533897,2052.25813
2606.1819432218,12345249792,266.00872265318,2065.918476
2609.0589132426,12345729024,265.79712403874,2066.279556
2611.9358832634,12346040320,265.68978577553,2066.589448
2614.6977744833,12348227584,265.59821969526,2081.439667
2616.9072874593,12349042688,265.37475755822,2081.823345
2619.1168004352,12349460480,265.22928263746,2082.134797
2622.4310698992,12349595648,265.08781000108,2082.442977
2627.4024740951,12349816832,264.9126322467,2082.751771
2634.8595803889,12350091264,264.67262581798,2083.089066
2646.0452398297,12350459904,264.34165013609,2083.440774
2657.2308992705,12350722048,264.04433120638,2083.775031
2668.4165587113,12350967808,263.77047047874,2084.111824
2679.6022181521,12351242240,263.51183130677,2084.443578
2688.5507457047,12353110016,263.34844589299,2088.359954
2692.2160625903,12360208384,263.30701970618,2108.085721
2695.1483160988,12361637888,263.24403297541,2115.958823
2698.0805696072,12362465280,263.02811163643,2116.325964
2701.0128231156,12362563584,262.92050840925,2116.624082
2703.8277864838,12364001280,262.87077173972,2125.260238
2706.6427498519,12364709888,262.69108128644,2125.684037
2709.45771322,12364980224,262.48440474521,2126.021545
2712.2726765881,12365320192,262.37019373876,2126.340034
2716.4951216402,12365565952,262.23905512082,2126.669865
2722.8287892185,12365811712,262.07718748967,2127.081452
2727.8957232811,12367847424,261.96994786792,2132.592396
2730.4899935211,12372447232,261.93323167253,2152.970204
2733.0842637612,12372979712,261.7924813937,2153.430311
2735.6785340012,12373356544,261.59876033914,2153.80587
2738.2728042413,12373581824,261.4841994278,2154.12381
2741.3859285293,12375658496,261.34014986979,2162.070277
2743.8764279598,12376576000,261.11837814624,2162.454268
2746.3669273902,12376707072,260.98074501995,2162.764336
2750.1026765359,12376842240,260.82264345826,2163.073648
2755.7063002544,12377526272,260.61743836803,2163.382578
2764.1117358322,12377751552,260.36103406679,2163.681573
2776.7198891988,12377939968,260.06107144987,2164.010228
2780.851328894,12381696000,259.98648805294,2184.446145
2784.1564806501,12384104448,259.85179498129,2190.66886
2787.4616324063,12385464320,259.62753419674,2191.015861
2790.7667841624,12385968128,259.4406151005,2191.898178
2793.4109055673,12386459648,259.1981848743,2192.250331
2796.0550269723,12386631680,259.0405333014,2192.53543
2800.0212090796,12386836480,258.85456456908,2192.828092
2805.9704822407,12387069952,258.60352199167,2193.125987
2814.8943919823,12387352576,258.28518594827,2193.43069
2828.2802565947,12387610624,257.84757299969,2193.846139
2838.9889482846,12387885056,257.54406459821,2194.174735
2849.6976399745,12388118528,257.29510783037,2194.509678
2855.1804901197,12391735296,257.2291117582,2204.095951
2857.9877093941,12395245568,257.21421897749,2221.539651
2860.7949286684,12396277760,257.1145515057,2221.95844
2863.6021479428,12396642304,256.84777724921,2222.392407
2866.4093672172,12396974080,256.6254244877,2222.714072
2869.2165864915,12397150208,256.49165947781,2223.089618
2872.0238057659,12397371392,256.16307628908,2223.507466
2874.8310250402,12397826048,255.87588744086,2223.855614
2877.6382443146,12397826048,255.69178814523,2224.013239
2881.8490732261,12398108672,255.4727382355,2224.202931
2886.0599021377,12398362624,255.28160127697,2224.495599
2892.376145505,12398641152,255.00916695764,2224.824787
2898.6923888723,12398780416,254.74653497129,2225.126496
2908.1667539232,12398895104,254.39489360823,2225.485357
2917.6411189742,12399038464,254.10385281549,2225.793061
2926.7365094231,12401209344,253.89766963732,2231.340469
2929.7168869654,12404887552,253.85957464248,2251.460195
2932.6972645077,12405514240,253.59987501301,2251.966037
2935.0815665416,12405792768,253.28424325149,2252.283863
2937.4658685754,12406140928,253.10402620532,2252.580972
2941.0423216262,12406353920,252.90180256795,2252.87934
2946.4070012023,12406452224,252.63581017648,2253.159555
2951.7716807785,12406689792,252.39977493546,2253.456056
2959.8187001427,12406845440,252.1057440098,2253.78183
2967.8657195069,12406988800,251.90466395543,2254.116562
2971.1617786385,12411781120,251.85090706439,2268.724678
2974.4578377701,12412059648,251.64564452848,2269.138347
2977.7538969017,12412305408,251.2686844396,2269.49493
2981.0499560333,12412477440,251.03801282272,2269.800421
2985.9940447306,12412813312,250.76515845954,2270.131765
2990.938133428,12412985344,250.56102168537,2270.457686
2994.1023501943,12413538304,250.44007141504,2282.403804
2997.2665669606,12414111744,250.05182142993,2282.889984
2999.7979403737,12414251008,249.76424554172,2283.19796
3003.5950004933,12414451712,249.48111908203,2283.502865
3009.2905906727,12413177856,249.15520126274,2283.836668
3014.986180852,12414603264,248.88201407607,2284.138864
3023.5295661211,12414984192,248.51960108,2284.441105
3036.3446440247,12415176704,247.98567537594,2284.869183
3041.593699934,12420612096,247.83802847283,2296.23839
3045.7929446615,12421935104,247.6947075851,2300.303712
3049.1523404434,12421275648,247.41052994396,2300.707109
3052.5117362254,12422250496,247.05582280494,2301.20295
3055.199252851,12422762496,246.65892958978,2301.562021
3057.8867694765,12422987776,246.39450492465,2301.850901
3061.9180444149,12423147520,246.07416225909,2302.150242
3067.9649568224,12423360512,245.64726127652,2302.524757
3074.0118692299,12423544832,245.25262815306,2302.818649
3083.0822378412,12423737344,244.76299404981,2303.177462
3088.8872737525,12426149888,244.54019667092,2311.781006
3092.6024967357,12429791232,244.35835388221,2322.332941
3095.5746751222,12430917632,244.07397846948,2322.692432
3098.5468535088,12431216640,243.69366968809,2323.045978
3101.5190318953,12431347712,243.41715533802,2323.352598
3105.9772994751,12431532032,243.0887267836,2323.659719
3110.2572363518,12435005440,242.88395717184,2333.898049
3113.6811858531,12437520384,242.61409438994,2339.026064
3116.4203454541,12437913600,242.21094044798,2339.390817
3119.1595050551,12438360064,241.90842904018,2339.689044
3123.2682444567,12438597632,241.54109681048,2339.98756
3128.1987317386,12439826432,241.21241469736,2345.352093
3131.354243599,12444200960,241.03659766339,2356.759862
3133.8786530873,12444962816,240.74014019743,2357.152265
3136.4030625756,12445155328,240.50953448906,2357.449652
3140.1896768081,12445540352,240.13070585238,2358.060807
3143.2189681941,12445646848,239.79015213565,2358.418065
3146.2482595801,12445810688,239.49329409068,2358.736531
3150.7921966591,12445974528,239.13862360938,2359.126157
3155.3361337381,12446085120,238.79604210027,2359.613597
3159.880070817,12446236672,238.30009819052,2360.221027
3163.5152204802,12446646272,237.91718093683,2360.669942
3167.1503701434,12446810112,237.38669938668,2361.099817
3170.7855198066,12447211520,236.86434275581,2361.648766
3173.6936395371,12447432704,236.41699693508,2362.009727
3176.6017592677,12447752192,236.06975127566,2362.3301
3180.9639388635,12447887360,235.675285809,2362.654845
3185.1516312755,12450590720,235.37566626594,2375.382185
3188.5017852051,12451590144,235.01603461209,2375.801962
3191.8519391347,12452036608,234.46460422693,2376.301624
3195.2020930642,12452364288,233.72155892703,2376.771257
3198.5522469938,12452876288,233.06363952373,2377.095455
3201.9024009234,12452986880,232.51821421787,2377.388169
3205.9225856389,12454686720,232.04136448936,2383.264125
3209.9427703544,12455473152,231.48350138216,2383.941805
3213.1589181269,12456009728,230.40234763842,2384.364056
3216.3750658993,12456345600,229.53247278709,2384.670044
3219.5912136717,12456415232,229.01644676333,2385.04287
3222.8073614441,12456841216,228.24080891131,2385.880603
3225.380279662,12457279488,227.001688151,2386.30786
3227.9531978799,12458274816,226.37467299724,2387.022554
3230.0115324543,12459433984,225.0155425648,2387.561875
3230.8546262959,12460548096,224.56676673712,2393.16427
3231.3942063546,12462186496,224.40667981236,2397.666829
3231.6704713446,12463648768,224.00325864263,2400.129263
3231.9467363346,12464377856,221.23030780589,2400.453059
3232.2230013247,12464738304,219.37924805796,2400.697734
3232.6373988097,12465033216,218.14323018985,2400.924895
3233.2589950373,12465168384,216.9899175462,2401.154648
3234.1913893786,12465278976,215.72216406572,2401.377884
3235.5899808907,12465455104,214.45545506731,2401.598133
3237.6878681587,12465692672,213.08651753022,2401.840455
3240.8346990608,12465836032,211.51750001318,2402.093317
3245.5549454139,12465991680,210.03699814225,2402.339535
3252.6353149436,12466282496,208.65749447357,2402.591058
3263.2558692381,12466454528,207.38894446963,2402.854362
3279.1867006799,12466634752,206.27122316225,2403.132916
3295.1175321217,12466806784,205.60518608559,2403.411014
3311.0483635635,12466900992,205.16943532798,2403.66507
3334.9446107262,12467163136,204.77512022217,2403.932424
3358.8408578888,12467220480,204.50609259157,2404.20916
3382.7371050515,12467707904,204.21138678128,2404.545777
3406.6333522142,12467884032,203.98457557809,2404.851262
3430.5295993768,12468281344,203.82486876916,2405.181051
3454.4258465395,12469030912,203.68969999172,2405.480178
3478.3220937022,12469727232,203.53796951985,2405.787018
3502.2183408649,12470091776,203.42273777389,2406.077492
3526.1145880275,12470353920,203.34182775707,2406.354727
3550.0108351902,12470599680,203.23654545888,2406.665127
3573.9070823529,12470890496,203.08776998327,2406.947259
3597.8033295156,12471373824,202.95380151804,2407.23225
3621.6995766782,12471513088,202.86698592159,2407.486698
3657.5439474222,12471627776,202.76372962679,2407.814951
3693.3883181663,12471836672,202.66808426858,2408.137811
3729.2326889103,12472012800,202.53018550994,2408.441866
3765.0770596543,12472475648,202.37579055362,2408.750022
3800.9214303983,12473167872,202.24753305889,2409.086865
3836.7658011423,12473516032,202.16005018314,2409.43633
3872.6101718863,12473958400,202.08114025127,2409.742972
3908.4545426303,12474630144,202.01375077172,2410.035765
3944.2989133743,12474900480,201.98285614927,2410.329264
3980.1432841183,12475297792,201.92545399778,2410.633074
4015.9876548624,12475486208,201.81586321188,2410.961748
4051.8320256064,12475932672,201.74153084566,2411.259654
4087.6763963504,12476252160,201.67602514992,2411.542817
4123.5207670944,12476547072,201.6130847377,2411.87851
4159.3651378384,12476649472,201.57153865944,2412.139242
4213.1316939544,12476792832,201.53937576135,2412.434778
4266.8982500704,12476837888,201.47615933273,2412.79725
4301.3088459847,12478763008,201.44651522023,2417.531307
4318.9270710928,12482842624,201.43965079472,2424.864068
4326.143496097,12486500352,201.44701542671,2439.262609
4327.6568901101,12494229504,201.45968487879,2458.926566
4328.4317478448,12495503360,201.47553975251,2462.44655
4329.2066055795,12495736832,201.4192160309,2462.805168
4329.8264917672,12496297984,201.26840378833,2462.962193
4330.446377955,12496297984,201.18337896354,2463.093034
4331.3762072366,12496338944,201.12598090719,2463.22683
4332.770951159,12496367616,201.08422548737,2463.342497
4334.8630670427,12496506880,201.04838560699,2463.458843
4338.0012408682,12496543744,201.0121964496,2463.596321
4342.7085016064,12496863232,200.97510304973,2463.856422
4349.7693927137,12496969728,200.93662126919,2464.120361
4360.3607293747,12497158144,200.89319944592,2464.385892
4376.2477343661,12497625088,200.83935532757,2464.811803
4388.9573383593,12498034688,200.80126942799,2465.101212
4399.1250215538,12498333696,200.7777289477,2465.36928
4414.3765463456,12498808832,200.74052825556,2465.630565
4437.2538335333,12499169280,200.69708884768,2465.896557
4471.5697643149,12499521536,200.64128386585,2466.243662
4505.8856950965,12499927040,200.58137765257,2466.527923
4540.201625878,12500168704,200.49341394588,2466.829027
4574.5175566596,12500332544,200.42212578794,2467.114512
4608.8334874412,12500459520,200.36843123748,2467.374183
4660.3073836135,12500594688,200.32315756912,2467.645936
4737.518227872,12500742144,200.29494945492,2467.962609
4814.7290721305,12500926464,200.28567003245,2468.643678
4876.4977475374,12501413888,200.21174226696,2469.031561
4938.2664229442,12501843968,200.16234399487,2469.358712
5000.035098351,12502118400,200.13569758184,2469.662416
5092.6881114612,12502999040,200.12135169797,2470.038746
5166.8105219494,12503560192,200.09312923635,2470.394662
5240.9329324376,12504428544,200.08550781808,2470.687789
5315.0553429258,12504940544,200.05651288754,2471.042817
5389.1777534139,12505219072,199.98727953401,2471.358233
5463.3001639021,12505370624,199.94800161677,2471.639933
5537.4225743903,12505575424,199.92789008636,2471.903314
5648.6061901226,12505673728,199.91718288422,2472.174598
5815.381613721,12505812992,199.92920193287,2472.465431
5982.1570373194,12506062848,199.93894191133,2472.764412
6088.8933084223,12507336704,199.95613686553,2476.387196
6195.6295795253,12507885568,199.92814240027,2477.056141
6281.0185964077,12508143616,199.87945935947,2477.35967
6366.4076132901,12508344320,199.85231016976,2477.627068
6494.4911386136,12508508160,199.83606212838,2477.913973
6622.5746639372,12508639232,199.83074066432,2478.201399
6750.6581892608,12508905472,199.82749812835,2478.465884
6942.7834772461,12509093888,199.83275077608,2478.748066
7134.9087652315,12509331456,199.83668909158,2479.009134
7423.0966972095,12509429760,199.84444827477,2479.285218
7711.2846291876,12509560832,199.85111174971,2479.563966
7999.4725611656,12509896704,199.85934334486,2479.846347
8287.6604931437,12510367744,199.8663484137,2480.14728
8518.2108387261,12512665600,199.87375167203,2482.503093
8636.2526156643,12514557952,199.87834821211,2486.332338
8711.7993529047,12515090432,199.87745811663,2489.128572
8772.2367426971,12515692544,199.8655062101,2489.404012
8832.6741324895,12515962880,199.85259124077,2489.682501
8893.1115222818,12516139008,199.84311197696,2489.96464
8983.7676069704,12516249600,199.83829365573,2490.242799
9074.4236916589,12516417536,199.84010242962,2490.503514
9183.2109932851,12517531648,199.84468802134,2492.796105
9270.2408345861,12518252544,199.84602337288,2493.102931
9357.2706758871,12518481920,199.82819395418,2493.494919
9426.8945489279,12518526976,199.81619741104,2493.775531
9496.5184219687,12518645760,199.81236418998,2494.036531
9600.9542315299,12518772736,199.80600766068,2494.294059
9757.6079458717,12518858752,199.80136475652,2494.57527
9914.2616602135,12518887424,199.80909991081,2494.88499
10014.520037392,12522430464,199.8124485617,2498.829244
10094.726739135,12522668032,199.81332615283,2499.90048
10158.89210053,12523417600,199.80640170154,2500.532547
10210.224389645,12523859968,199.79960639969,2500.98544
10251.290220938,12523859968,199.7951595492,2501.311903
10284.142885972,12524244992,199.79134047716,2501.559328
10333.421883522,12524916736,199.78800324649,2501.836645
10407.340379849,12525088768,199.78396043947,2502.11725
10518.218124338,12525858816,199.78084520976,2502.66909
10606.92031993,12526321664,199.77921656805,2503.120257
10677.882076403,12527026176,199.77831103924,2503.407166
10748.843832877,12527149056,199.77767659452,2503.660671
10819.80558935,12527673344,199.78012165616,2503.931781
10926.24822406,12527943680,199.78294672907,2504.199208
11085.912176125,12528533504,199.78301079378,2504.646503
11213.643337777,12528848896,199.7830600022,2504.89075
11341.374499429,12529229824,199.7831308081,2505.099865
11469.10566108,12529332224,199.78321206539,2505.255648
11660.702403558,12529664000,199.78332380523,2505.464248
11852.299146036,12529963008,199.78341674371,2505.618127
12139.694259753,12530327552,199.78351090045,2505.77309
12570.786930328,12530327552,199.78358701009,2505.928406
13217.425936191,12530454528,199.78363422231,2506.057765
14187.384444986,12530778112,199.78365599813,2506.207223
15642.322208177,12530786304,199.7836632786,2506.361288
17824.728852965,12530933760,199.78366500561,2506.490553
21098.338820145,12530933760,199.78366529845,2506.620835
26008.753770917,12531388416,199.78366533715,2506.729683
33374.376197074,12531396608,199.78366534964,2506.811919
44422.80983631,12531396608,199.78366534964,2506.870657
60995.460295163,12531396608,199.78366534964,2506.928137
85854.435983444,12531421184,199.78366534964,2506.987495
123142.89951586,12531421184,199.78366534964,2507.044956
179075.5948145,12531449856,199.78366534964,2507.103727
262974.63776244,12531597312,199.78366534964,2507.16313
388823.20218436,12531597312,199.78366534964,2507.222223
577596.04881724,12531597312,199.78366534964,2507.279469
604800,12531695616,199.78366534964,2507.336922
